Sample_ID,Num_of_formulas,Comp.mol.R2,Comp.mol.slope,C.mol.R2,C.mol.slope,Comp.R2_C.R2_Ratio,Comp.Slope_C.Slope_Ratio
ECA2_0001_10,976,0.676577464803016,0.948964660911242,0.433458142161692,0.627563036482932,1.56088304496685,1.51214237573575
ECA2_0002_01,634,0.712237189292897,0.783854679807777,0.522389818292455,0.567408443082874,1.36342088676422,1.38146460343257
ECA2_0002_02,1471,0.766546078281867,0.997853334122913,0.484584618669247,0.575002787745238,1.58186217380761,1.73538868921975
ECA2_0002_03,1369,0.761889548809873,0.93529572622102,0.477393892748091,0.580593703205387,1.59593484622122,1.61092984828696
ECA2_0002_04,960,0.786074582382193,1.07043389080679,0.462150378879653,0.521564271426098,1.70090649776767,2.05235279609919
ECA2_0002_05,1171,0.761395433906547,0.978144111049719,0.456304627378498,0.555934202667185,1.66861212493245,1.75946021373917
ECA2_0002_06,1245,0.771292889063312,0.95545044616801,0.418140062189348,0.533174953720232,1.84458022277245,1.79200174258252
ECA2_0002_07,1203,0.792269118951356,0.923366448505153,0.389752666694521,0.522250970083782,2.03274842394425,1.76805118879343
ECA2_0002_08,1756,0.773376362965971,0.922599322154198,0.398748197363806,0.535934313981094,1.9395106186784,1.7214783567427
ECA2_0002_09,1482,0.772742352780513,0.975947642632553,0.407150735789171,0.521886414620963,1.89792694659565,1.87003841313127
ECA2_0002_10,1496,0.761942392310174,0.965191794094514,0.40955275044226,0.522148134824993,1.86042552879301,1.84850185171688
ECA2_0003_01,577,0.745595440699875,1.01453479289529,0.601092131863328,0.65495859200328,1.24040126492523,1.54900600630675
ECA2_0003_02,499,0.661163925027718,1.04191873028308,0.532138924042821,0.659292089622272,1.24246488117173,1.58035982333722
ECA2_0003_03,740,0.730412210564216,0.930763950933669,0.496738053028929,0.575932655486499,1.47041726743185,1.6160985873382
ECA2_0003_04,439,0.703729525801858,1.01471364636098,0.55000375830542,0.67827841481812,1.2794994855491,1.49601347203873
ECA2_0003_05,502,0.696422875772966,1.03379420510742,0.529608780297372,0.658066451129986,1.31497607608002,1.57095716296167
ECA2_0003_06,599,0.719093591816593,0.921645716427679,0.526234550152528,0.669001748770556,1.36648874842628,1.37764320963497
ECA2_0003_07,560,0.696009433925071,0.958366883468852,0.450719445633825,0.583885060694426,1.54421878325286,1.64136222688939
ECA2_0003_08,590,0.75788556625338,1.0058909606654,0.480656586095292,0.603271230572585,1.57677141680344,1.66739421621461
ECA2_0003_09,703,0.725149505702536,1.00895422813412,0.481862488135451,0.615154425398614,1.50488889165968,1.64016413842805
ECA2_0003_10,466,0.700831597863131,1.02539619045383,0.445421714683863,0.581228284414472,1.57341138691576,1.76418838853792
ECA2_0005_01,867,0.736607628027125,1.03225311142575,0.581893024988942,0.753995325266758,1.26588152185038,1.36904444475242
ECA2_0005_02,794,0.747346532499808,1.09627751380388,0.48768064474054,0.628862821500148,1.53245067352923,1.7432697184876
ECA2_0005_03,502,0.718179955347979,1.07500795451822,0.574793269240413,0.72956033520988,1.2494578377667,1.4735010973547
ECA2_0005_04,190,0.750815141157277,0.927766563589481,0.495971411083543,0.687957237108125,1.51382745936299,1.34858173378539
ECA2_0005_05,875,0.724113260198679,0.984686997706024,0.556174289422554,0.705834987193229,1.30195385505951,1.39506685779584
ECA2_0005_06,699,0.737319805920578,0.963331688779764,0.594269371371178,0.781701604533433,1.24071648555492,1.23235219576495
ECA2_0005_07,479,0.67688836867695,0.997461404799157,0.473489814796618,0.634640373232217,1.42957324006579,1.57169547805334
ECA2_0005_08,374,0.696795661211077,0.994530277355599,0.55102990295606,0.774701147778785,1.26453329932376,1.28375991207333
ECA2_0005_09,607,0.717427874965464,1.0036775602816,0.491661182051946,0.676370666156632,1.4591916164121,1.48391645365822
ECA2_0005_10,586,0.698370274958594,1.01312044138895,0.36087721935304,0.579932022178706,1.93520188448191,1.74696413138704
ECA2_0006_01,1743,0.730898326801501,0.97088519461698,0.379025027050938,0.636774964966184,1.92836428899792,1.52469121437357
ECA2_0006_02,1682,0.776976615017629,1.06639857947988,0.377200872990105,0.583728273403846,2.05984840082279,1.8268749828777
ECA2_0006_03,830,0.791281504871661,0.998346374137458,0.335003873968098,0.579622533747275,2.36200702845309,1.72240780164829
ECA2_0006_04,1779,0.791884023548591,1.0798484112443,0.361457069972525,0.596159246372875,2.19081071953796,1.81134221739286
ECA2_0006_05,2085,0.814594426944768,1.03190455223805,0.41976027437871,0.618436709830522,1.94061819725665,1.66856937150583
ECA2_0006_06,1879,0.809297508354772,0.997310099665115,0.370632451870695,0.597755924711952,2.18355814303362,1.66842361310881
ECA2_0006_07,1889,0.772798998514411,0.959996678606976,0.436993387000603,0.647104061152451,1.76844552229653,1.48352751317506
ECA2_0006_09,1997,0.803188484760899,1.01243732273268,0.372707268400005,0.586579280233451,2.15501159451198,1.7260025317119
ECA2_0006_10,1847,0.787983007671345,1.10360526014948,0.42759823639307,0.63366495410517,1.84281164094183,1.74162268719427
ECA2_0007_01,499,0.690792909612095,1.03308907977577,0.436724350209548,0.621043240922549,1.58175954530733,1.66347367091724
ECA2_0007_02,616,0.76148139315998,1.08765622524242,0.440934862500511,0.622526781500433,1.72697025778745,1.74716374871603
ECA2_0007_03,583,0.697879483755329,0.947227604373806,0.556659861863473,0.744987416011861,1.2536910446877,1.27146792551825
ECA2_0007_04,758,0.718404250628437,0.990768814199505,0.552180806782061,0.721001642360315,1.30103082505724,1.37415611281559
ECA2_0007_05,519,0.72467608768643,0.936992389388954,0.562486392797236,0.74624053106107,1.28834421057304,1.2556171239542
ECA2_0007_06,534,0.658097360540448,0.938231167782757,0.467804695629725,0.637100308546132,1.40677801374902,1.47265847339457
ECA2_0007_07,281,0.651263652824478,0.871629771579166,0.4263424212812,0.686175288847843,1.52756005575839,1.27027275063012
ECA2_0007_08,641,0.711227959441166,0.906252265413206,0.522624340731478,0.673924410392995,1.36087798445383,1.34473874434186
ECA2_0007_09,379,0.683554608323646,0.89535076241569,0.552059649252016,0.732703173375616,1.23818976672139,1.22198291880018
ECA2_0007_10,346,0.745195168201749,0.991184700914729,0.500817044023731,0.644051467004868,1.48795888058162,1.53898368638797
ECA2_0008_01,372,0.686804091639596,1.0587209640766,0.473764030476898,0.616873859656774,1.44967546596614,1.71626816001843
ECA2_0008_02,259,0.62433265757919,0.884881147157839,0.586615387981692,0.730257995767494,1.06429642039781,1.21173770405326
ECA2_0008_03,523,0.709644254412525,1.00792294001675,0.378727279769143,0.553939807693618,1.87376059851061,1.81955318252598
ECA2_0008_04,631,0.697032119667517,0.84231392435305,0.46256701307178,0.594245346858044,1.50687813866951,1.41745144292104
ECA2_0008_05,344,0.67401491739836,0.901572671033903,0.481433480545155,0.618236508720348,1.40001670975424,1.4582973640622
ECA2_0008_06,415,0.619355151677625,0.908374889430526,0.521468078857938,0.722742957098443,1.18771441012088,1.25684364061786
ECA2_0008_07,322,0.636196121100308,1.00916112447519,0.558674156850164,0.689059839457782,1.13876060544346,1.46454787623277
ECA2_0008_08,334,0.628427209375385,0.826266244850309,0.568683304208561,0.66146729224994,1.10505654856523,1.24914149880309
ECA2_0008_09,429,0.691075688634269,0.952302541791288,0.568533795504167,0.647829735960303,1.21554020904146,1.4699889321685
ECA2_0008_10,432,0.700601056318756,0.980266358335092,0.578034922006175,0.686169802959201,1.21203932434946,1.42860608862057
ECA2_0009_01,203,0.704736251959137,0.945780734836172,0.619026500809362,0.762019487904057,1.13845893679465,1.24115032469518
ECA2_0009_02,184,0.717287983368889,0.965423488126425,0.617927155507997,0.820182019225792,1.16079699196778,1.17708443430366
ECA2_0009_03,160,0.66344467263205,1.0239156491489,0.600677905831533,0.904339554969888,1.10449321706552,1.13222477499947
ECA2_0009_04,288,0.699489772367143,1.08624210158272,0.597087858122761,0.833984621078484,1.17150225523984,1.30247258058311
ECA2_0009_05,299,0.684752830193418,0.967590094113376,0.367087731343842,0.577217182417657,1.86536561079462,1.67630161330377
ECA2_0009_06,269,0.614781968994531,1.05242585776434,0.472138623359496,0.757861530692414,1.30212174682948,1.38867829430899
ECA2_0009_07,199,0.685745171518695,1.05523297397543,0.661898418585455,0.775691951782006,1.0360278137304,1.36037633438278
ECA2_0009_08,230,0.701690905494275,1.07543667382181,0.611761100778101,0.76931308879945,1.14700150859836,1.39791807715124
ECA2_0009_09,186,0.68092347980802,0.957847649068975,0.609361393765431,0.76440750660673,1.11743784029439,1.25305892575668
ECA2_0009_10,222,0.710708562022776,0.994460107456869,0.620166733613901,0.828424644021287,1.14599594512473,1.20042313399759
ECA2_0010_01,949,0.656465080548383,1.00649486743863,0.42054854100989,0.614891049145556,1.56097338721464,1.6368670008081
ECA2_0010_02,1508,0.773310352111446,1.11740224163201,0.440307460898797,0.552934441583239,1.75629627200251,2.02085845553861
ECA2_0010_03,1101,0.758698173730134,1.16972637689795,0.432016227797289,0.58249170376151,1.75617980277845,2.00814255266522
ECA2_0010_04,1332,0.75091203400298,1.11587118939437,0.395418530820383,0.519877197739676,1.89903096459604,2.14641302647233
ECA2_0010_05,1476,0.777096934444886,1.19336742122517,0.433481030233926,0.57614480528661,1.79268959941691,2.07129771938413
ECA2_0010_06,1298,0.743012957064497,1.20656913614841,0.354873036058401,0.530678414159593,2.09374306179244,2.27363522607037
ECA2_0010_07,916,0.715493319940408,1.01704977547,0.443674213369841,0.634848201052336,1.61265473263821,1.60203616200553
ECA2_0010_08,912,0.717488150132771,0.690050152078377,0.528090126473609,0.695788008120263,1.3586471591959,0.991753442176465
ECA2_0010_09,1078,0.599204435095606,0.939262868421776,0.401548098612985,0.607306428919336,1.49223576743449,1.54660452070816
ECA2_0010_10,937,0.757324841441144,1.12883903210468,0.461635247523793,0.574276381021098,1.64052646651968,1.96567205166533
ECA2_0011_01,845,0.655534213605675,1.05694998301818,0.504556167517569,0.723421244582434,1.29922941350796,1.46104360486159
ECA2_0011_02,788,0.729584014642006,0.956690799886817,0.50164272351842,0.651156924781185,1.45438970892442,1.4692169636502
ECA2_0011_03,850,0.804627815523151,0.845048724201151,0.506412045383551,0.624316202339918,1.58887969363709,1.35355885532673
ECA2_0011_04,974,0.80026396749691,0.889961229910995,0.463335855816577,0.60128441283188,1.7271790159355,1.48010028352395
ECA2_0011_05,881,0.792135152164078,0.820828506068123,0.478010229359043,0.575099069049656,1.65715104721972,1.42728192452916
ECA2_0011_06,1132,0.814572815337997,1.01395222515737,0.442989212589648,0.619401683883591,1.8388095966855,1.63698654934224
ECA2_0011_07,900,0.777237764358038,0.892999685833992,0.41953673195505,0.538503090575654,1.85260956945556,1.65830001993003
ECA2_0011_08,787,0.690954953853325,1.10094093415243,0.437339800364544,0.633014223311386,1.57990412324097,1.73920410254489
ECA2_0011_09,942,0.805723103170399,0.947950404082321,0.372082718549245,0.548857521459591,2.1654408092693,1.72713384989498
ECA2_0011_10,561,0.692290242508012,0.924455789916233,0.515918901382031,0.641128144726156,1.34185865385727,1.44192046086371
ECA2_0013_01,743,0.747518689989327,0.963046534360309,0.50884178130653,0.615997729890792,1.46905917998706,1.56339299258626
ECA2_0013_02,864,0.755752013591103,0.90340801612425,0.553575342659567,0.677041978943819,1.36521979096867,1.33434564505669
ECA2_0013_03,713,0.732928253528841,1.06735826864875,0.530451158577194,0.682898221064471,1.38170732908708,1.56298293907546
ECA2_0013_04,603,0.734288718069284,0.934791143827611,0.532413192332942,0.658124392482375,1.37917078059572,1.4203867148909
ECA2_0013_05,470,0.681132527192262,1.09364332715387,0.604443383557949,0.811290092430871,1.12687564413874,1.34802993079452
ECA2_0013_06,838,0.741037137887391,1.09132161359445,0.572836664521849,0.738354457845354,1.29362728292879,1.4780456757573
ECA2_0013_07,888,0.718341159418066,0.977481169009314,0.578470824708451,0.747951724813119,1.24179323958146,1.30687735128032
ECA2_0013_08,732,0.718399336848185,0.89383144620663,0.530670325910005,0.670264232932041,1.35375825964314,1.33355086291358
ECA2_0013_09,1035,0.741203922939102,0.992552158709943,0.460889181095456,0.654513288008243,1.60820421338029,1.51647365591368
ECA2_0013_10,750,0.726529188033167,1.00688844951673,0.571983847681641,0.6286299972216,1.27019179121566,1.60171874388264
ECA2_0016_01,1340,0.804495476899737,1.05667679015741,0.382622363330274,0.596420795707451,2.10258352360159,1.77169675799789
ECA2_0016_02,892,0.726060091687539,1.12007499987438,0.467072246307345,0.681692827710115,1.55449204577609,1.64307875093367
ECA2_0016_03,949,0.779603164817119,1.01456759629095,0.325613818578355,0.557287752386819,2.39425700119517,1.82054529629556
ECA2_0016_04,947,0.789481124203373,1.05756592692529,0.396992922627772,0.604177592777373,1.98865289330008,1.75042229233248
ECA2_0016_05,1062,0.804992954640978,1.07951611003601,0.421912856007334,0.607281563647408,1.90796024150301,1.7776204229753
ECA2_0016_06,915,0.767624492452797,1.05491949006242,0.389528683507667,0.608729441848637,1.97064946678744,1.73298581855801
ECA2_0016_07,842,0.79251619816309,1.02631422441064,0.380546206238074,0.611289547685534,2.08257548011734,1.67893304947954
ECA2_0016_08,1040,0.781432774921109,1.12434583463506,0.375194545870921,0.586350954961026,2.08274023042421,1.91753049111994
ECA2_0016_09,963,0.781934589533293,1.15392223544847,0.434066746827284,0.629431919156429,1.80141555474745,1.83327568928339
ECA2_0016_10,992,0.743949382647567,1.07983298552145,0.342714261462207,0.595268128987342,2.17075700168844,1.8140278858175
ECA2_0017_01,334,0.68269539688018,0.850089494774622,0.231670525418374,0.46618907687478,2.9468375212915,1.82348651425602
ECA2_0017_02,416,0.718124003930161,0.84883740288957,0.426017201531211,0.598690759547505,1.68566903249222,1.41782278973393
ECA2_0017_03,402,0.670547103430624,0.957292277292984,0.408315201665222,0.613799711891698,1.64222909334736,1.55961669376263
ECA2_0017_04,386,0.739091129081986,0.883877889889092,0.259716001556632,0.470467173082583,2.8457666245136,1.8787238312458
ECA2_0017_05,295,0.729138055894024,0.879312181065419,0.34000467791906,0.512998333726959,2.14449418859937,1.71406439993123
ECA2_0017_06,207,0.684541620906985,0.757660802225704,0.353873450889611,0.597849909291122,1.93442491711684,1.26730938727426
ECA2_0017_07,483,0.685801474946243,0.950063161856549,0.293595700893503,0.51924963845486,2.33587028985484,1.8296847826099
ECA2_0017_08,271,0.704705853804254,0.835548550877183,0.526703421757832,0.718595497226929,1.33795571605051,1.1627522773265
ECA2_0017_09,235,0.703672700899745,0.931587210875803,0.46317031933897,0.598725268755193,1.51925257625319,1.55595105049209
ECA2_0017_10,138,0.729980974824387,0.759067827052957,0.521633456857046,0.709216266768811,1.39941364041846,1.07029105594443
ECA2_0018_01,1585,0.699974056202336,1.06530981683792,0.467536763530207,0.677551651367226,1.49715297448927,1.57229314501447
ECA2_0018_02,1507,0.763541246875099,1.01233056565452,0.451864645841291,0.629487262211662,1.68975655409713,1.60818276464843
ECA2_0018_03,1547,0.74975396936678,0.946038320214896,0.508038462629564,0.67781638596236,1.47578190337424,1.39571473898749
ECA2_0018_04,1597,0.775205036386602,0.929637164665592,0.43864157843852,0.611714614202743,1.76728580803075,1.51972364740248
ECA2_0018_05,1741,0.75246270673619,0.957576047028693,0.456124304942076,0.659051677469934,1.64968781225492,1.45296048817413
ECA2_0018_06,1508,0.77119834831114,0.979247905451923,0.47592759852518,0.630771053861652,1.62041106819809,1.552461704539
ECA2_0018_07,1568,0.775811919508625,1.06061441847203,0.447824616466514,0.638802783597625,1.73240123696201,1.66031589984445
ECA2_0018_09,1505,0.744107873362162,0.883678496970691,0.528638845656473,0.688814493141174,1.40759211979232,1.28289765353352
ECA2_0018_10,811,0.804308290391408,1.01676509325198,0.487224926604399,0.666474797930181,1.65079462579398,1.5255867084692
ECA2_0019_01,582,0.7411354413811,1.01658961073964,0.453087659349153,0.586063792105582,1.63574404662824,1.7346057279657
ECA2_0019_02,520,0.762969933478767,0.85191326486608,0.493545260677895,0.588216176884576,1.54589658591962,1.44829961899067
ECA2_0019_04,643,0.751283800220519,0.928163313964778,0.529958178610043,0.677553657875492,1.41762846681782,1.36987425745008
ECA2_0019_05,488,0.762044835244586,1.17347861321334,0.529376916466185,0.724836173440722,1.43951277726947,1.61895702258203
ECA2_0019_07,455,0.740284599052556,1.11297544555947,0.550848341941777,0.753243744561975,1.34389911466921,1.477576752007
ECA2_0019_08,655,0.715320247156926,1.07778093249701,0.524670499542859,0.693002678020073,1.36337043493045,1.55523343080904
ECA2_0019_09,403,0.696368865955231,1.1894457314376,0.514401449069082,0.714801008912916,1.35374592590176,1.66402357664063
ECA2_0019_10,328,0.687753844468258,1.08240417108455,0.631453974714459,0.802938672108667,1.08915910265551,1.3480533553602
ECA2_0021_01,906,0.692850658323671,0.828194126320545,0.327428433002369,0.488074549743472,2.11603693659267,1.69685988903916
ECA2_0021_02,863,0.634518290769593,0.964026366554191,0.509213486948524,0.721558300173097,1.24607518660191,1.33603392313958
ECA2_0021_03,813,0.665301416028415,0.890743863953792,0.500589889092668,0.699456076123748,1.32903486571471,1.27348077221678
ECA2_0021_04,956,0.691586475354245,1.01262592923346,0.366981469436803,0.553593486130218,1.88452696648581,1.82918685751166
ECA2_0021_05,884,0.671824372576459,0.982501690670694,0.411168195187147,0.621170911484658,1.63394051495319,1.58169301315546
ECA2_0021_06,1120,0.705687158510992,0.974369522087782,0.397438842263876,0.560204324737337,1.77558679089161,1.73931096041544
ECA2_0021_07,1531,0.78020123528986,1.17479776384372,0.365378938832534,0.584204564263795,2.13532076529308,2.01093561349385
ECA2_0021_08,1298,0.670983682046419,0.94607545664769,0.382759195369702,0.591023885214521,1.75301779856216,1.60073980141141
ECA2_0021_09,1106,0.663620918989377,0.879214923722623,0.396474952423705,0.610190340440566,1.67380288447624,1.44088633570931
ECA2_0021_10,1157,0.666235953039838,1.00929360742977,0.48594451981417,0.652195743035419,1.37101238078498,1.54753173139764
ECA2_0022_01,819,0.758086565725549,0.879010227976504,0.485571678829452,0.610101623857539,1.5612248382217,1.44076034811826
ECA2_0022_02,732,0.735289443108637,0.845787692093244,0.295110894562352,0.542935724368449,2.49156997134609,1.55780445848738
ECA2_0022_03,805,0.73861898284654,0.85229720952741,0.461152968307868,0.569837590127031,1.60167890831711,1.49568442709687
ECA2_0022_04,1109,0.750678559226451,1.00376907135757,0.430787477398114,0.572344450355226,1.74257284301862,1.75378492922327
ECA2_0022_05,986,0.736048206681562,1.01831575912119,0.425961401836823,0.551957452888386,1.72796925615229,1.8449171286525
ECA2_0022_06,1253,0.720639010454169,0.925756194270951,0.48639066793431,0.616518586803505,1.481605339006,1.50158683628788
ECA2_0022_07,793,0.746944687088255,0.857706449537036,0.532333452440632,0.655359515300253,1.40315188471376,1.30875714705092
ECA2_0022_08,630,0.704659332749642,0.726166372035082,0.442346626501388,0.619623225472686,1.59300261499209,1.17194827789278
ECA2_0022_09,1096,0.731982774713671,0.784830410532391,0.426584788185706,0.621029535565321,1.71591391673117,1.26375698028269
ECA2_0022_10,794,0.752871852159694,0.76263353234472,0.559530254504971,0.682058046543834,1.34554270497093,1.11813581880484
ECA2_0023_01,236,0.7053860823515,0.895632600642156,0.485131466165675,0.673641974744253,1.45401016332057,1.32953799528627
ECA2_0023_02,355,0.720485196535823,1.00349086789355,0.537337716714101,0.664808436718399,1.34084240529717,1.50944364191126
ECA2_0023_03,362,0.672624944236294,0.913228210335971,0.486357375068732,0.659037856021282,1.38298497918581,1.38569917037737
ECA2_0023_05,354,0.625443216986169,0.893711622600844,0.440703161123007,0.682155311038229,1.41919385237084,1.31012924496715
ECA2_0023_08,375,0.661118017630134,0.92846892409308,0.559405357468552,0.712661169430484,1.18182282097164,1.30281957811039
ECA2_0023_09,452,0.689190988737442,1.06230395145152,0.51517292303862,0.656757825313015,1.33778573740332,1.6174972120739
ECA2_0023_10,284,0.703661969060896,0.79619028306252,0.411010580599424,0.599576448355412,1.71202884372141,1.32792121045849
ECA2_0024_01,355,0.645464278075565,1.05044155802285,0.527331830701806,0.7294738656657,1.22401918582563,1.43999889161792
ECA2_0024_05,372,0.755297704436361,0.985973523214623,0.506677298921887,0.654001014085687,1.49068787183379,1.50760243788466
ECA2_0024_06,494,0.713912597850218,0.956466978655469,0.533777733702775,0.640235676719528,1.33747167177218,1.49392952226009
ECA2_0024_07,456,0.754232681841185,1.04319010668964,0.558514254269497,0.635177772332093,1.35042691583168,1.64235927661559
ECA2_0024_08,397,0.675939007430217,1.12046080603445,0.32342109483175,0.56148987916925,2.08996573888247,1.99551380639705
ECA2_0024_09,321,0.684593050917456,0.972856780717002,0.59046659407556,0.783022369239531,1.15941029989895,1.24243804383499
ECA2_0024_10,311,0.677389996845527,1.00754074498902,0.612882729886482,0.742773469091362,1.10525221843173,1.3564576373757
ECA2_0026_01,1569,0.767524014881462,1.04348796940129,0.499632501498602,0.698561606589441,1.53617711533846,1.49376656197278
ECA2_0026_02,1195,0.76839199346156,1.08113288964274,0.562245760522305,0.758666410482088,1.36664790988865,1.42504383310676
ECA2_0026_03,952,0.754306065152698,1.09092849339215,0.589449131032513,0.708597313882637,1.27967966265624,1.53956058260311
ECA2_0026_04,923,0.741692046642285,1.00200892326158,0.661930014215629,0.73466637770212,1.12049919283562,1.36389653000815
ECA2_0026_05,1043,0.746375802670853,1.08682436617518,0.541712260166425,0.719238484866073,1.37780858502547,1.51107649137762
ECA2_0026_06,1075,0.732974139375122,1.08732329801112,0.575958253126153,0.7164199031731,1.27261678324206,1.51771788192267
ECA2_0026_07,1165,0.739550766853985,1.05031309840861,0.557508390479435,0.727218720301128,1.32652849622227,1.44428776252308
ECA2_0026_08,1293,0.753905303580184,1.02978599418386,0.515552944625815,0.686199410026851,1.46232372725048,1.50070953011103
ECA2_0026_09,1083,0.742342779543849,1.07713094003958,0.597948190425953,0.727367816317126,1.24148344527146,1.48086142372013
ECA2_0026_10,1106,0.759866627601485,1.01636059840401,0.671140262078099,0.760339545785762,1.13220241808867,1.33671936970432
ECA2_0027_01,760,0.800551081170061,0.982116471749732,0.414608230968034,0.602165987466448,1.93086152510991,1.63097300776134
ECA2_0027_02,658,0.734877960072937,0.985778727543925,0.561961337040501,0.702736218874573,1.3077019923525,1.40277205168483
ECA2_0027_03,607,0.77776031878269,1.00837284189566,0.502120518662915,0.714238092330971,1.54895147653749,1.41181610547368
ECA2_0027_04,771,0.797204815709849,0.870105167511462,0.540338703612778,0.647346819366362,1.47537981340154,1.34410974377404
ECA2_0027_05,620,0.764602853740613,1.06293741000128,0.547196547811852,0.731352561086681,1.39730935218457,1.45338577665184
ECA2_0027_06,310,0.641330132654263,0.986402863810752,0.597451316896453,0.819552318954584,1.07344333256431,1.20358742327641
ECA2_0027_07,423,0.711613133679928,1.07165873590264,0.695288539756438,0.811320306867393,1.02347887673973,1.32088242686843
ECA2_0027_08,224,0.693897533153141,0.918120528601023,0.591023581728671,0.735882864590409,1.17406065443882,1.24764493478462
ECA2_0027_09,619,0.703351988825631,0.951594484605805,0.501916336474108,0.701828984913124,1.40133312608747,1.35587800598403
ECA2_0027_10,431,0.722859916664755,0.850667085656888,0.398345411125514,0.58321694836678,1.81465606600647,1.45857744367523
ECA2_0028_01,497,0.775975439974932,0.90556551005607,0.463743819590686,0.624517451450451,1.673284704171,1.45002434752284
ECA2_0028_02,557,0.709872337310501,1.0019457069637,0.445559221545085,0.633524424047473,1.59321657589949,1.58154235090488
ECA2_0028_03,696,0.72850161953906,1.00244636618538,0.4835896499212,0.649065871178235,1.50644584651009,1.54444473311416
ECA2_0028_04,221,0.688924258559271,1.09082896309091,0.48861293895943,0.664284246516273,1.40995909773988,1.64211174480138
ECA2_0028_05,644,0.74507245966265,0.991851827208437,0.429648521543865,0.606865348919339,1.73414412549441,1.63438533601342
ECA2_0028_06,526,0.677824502312567,0.970444577399105,0.432998362531695,0.628205389346765,1.56542047491681,1.54478868512767
ECA2_0028_07,292,0.736966209558781,0.801322841627556,0.607353353093642,0.712146469182334,1.21340601118762,1.12522195405618
ECA2_0028_08,219,0.680450137131278,0.893406088468683,0.518063097465214,0.7441966189437,1.31345031225075,1.200497376267
ECA2_0028_09,483,0.709061126832866,1.1092705332006,0.366853570390048,0.577164105474108,1.93281784358531,1.92193264043923
ECA2_0028_10,306,0.741991729732453,0.847740453493092,0.559452123793922,0.620446176083659,1.32628280093145,1.36634004071738
ECA2_0029_01,243,0.782714772897511,0.97079513723969,0.457834983078122,0.656210994608887,1.70960018746307,1.479394806267
ECA2_0029_02,292,0.780586507838318,0.919874552892897,0.585639806152458,0.717328157655249,1.33287816100928,1.2823622536995
ECA2_0029_03,934,0.816782816875816,1.03376156002666,0.359986084754689,0.527680259241501,2.26892885993749,1.95906809459314
ECA2_0029_04,656,0.752014838986417,1.01316233632851,0.525368131973446,0.658613805707642,1.43140551019266,1.53832538514726
ECA2_0029_05,538,0.696178101713131,0.96418697763562,0.423035815988102,0.643034692574352,1.64567177388288,1.49943228377858
ECA2_0029_06,636,0.765485276442267,1.08281792130354,0.326735711979578,0.535822530567309,2.34282708738649,2.02085179239681
ECA2_0029_07,551,0.705353319788778,0.888375895719425,0.427089533000888,0.598518436690402,1.65153501850702,1.4842916128563
ECA2_0029_08,638,0.760976407251479,1.10224584361386,0.289784455184195,0.519797068709276,2.62600837842658,2.12053108793184
ECA2_0029_09,1054,0.813916262969271,0.882515222186342,0.432298081546499,0.544821853968481,1.88276630804739,1.61982346295051
ECA2_0029_10,1081,0.798445394202556,0.889423310411733,0.538886230326763,0.616000264149707,1.48165855660926,1.44386839125701
ECA2_0033_01,2565,0.814807971127091,1.11286309772791,0.30675832712383,0.517372474456394,2.65618859891023,2.15099015249546
ECA2_0033_02,2805,0.801120853969656,1.10310854005297,0.279902213141368,0.50543239652493,2.86214547923221,2.18250461908917
ECA2_0033_03,2638,0.818358568383361,1.11022027477976,0.2634894497484,0.486385342914007,3.10584947201792,2.2825940192364
ECA2_0033_04,2021,0.808153651381771,1.01744222798301,0.493202200549521,0.652292429444963,1.63858484508247,1.55979462899601
ECA2_0033_05,2548,0.784478618875543,1.14587855918052,0.365741016360565,0.58215005243879,2.14490194914908,1.96835601814363
ECA2_0033_06,2445,0.812279255578938,1.15865124696049,0.30044503281116,0.531951495236445,2.70358690233193,2.17811446595424
ECA2_0033_08,1617,0.784316958034983,1.17915011346339,0.334746257146095,0.558015087898327,2.34301935060227,2.11311510931446
ECA2_0033_09,2621,0.814444611416786,1.10122243361598,0.29156099705942,0.531705927587145,2.79339355960154,2.07111182418686
ECA2_0033_10,2477,0.798046163618167,1.16274952393351,0.318833532797037,0.552392765260054,2.50301828862583,2.10493257163879
ECA2_0034_01,384,0.658720802773397,1.04658328884845,0.526978255301881,0.775386647538906,1.24999617374354,1.34975665646336
ECA2_0034_02,240,0.763526977066415,1.02109262531562,0.454647232711801,0.671977653530075,1.67938331552633,1.51953360346368
ECA2_0034_03,651,0.721627065926403,1.07792099400555,0.438639144038949,0.604294242525714,1.64514972211948,1.78376843290822
ECA2_0034_04,717,0.789522948271699,1.11238677933047,0.301587528442901,0.519587396274077,2.61788991192047,2.14090408525556
ECA2_0034_05,1245,0.786469593745191,0.935841859186372,0.569905513170435,0.741639614004604,1.37999997468,1.26185527514252
ECA2_0034_06,1202,0.743535321267927,1.1891825976788,0.615399425038396,0.766614181779602,1.20821582051614,1.5512139299566
ECA2_0034_07,429,0.71696786603995,1.23665208164334,0.551171024235338,0.719499668557786,1.30080834172048,1.71876671482305
ECA2_0034_08,610,0.725866107613718,1.05936844007808,0.435444969825361,0.594755933689324,1.6669525609742,1.78118179251567
ECA2_0034_09,627,0.72786303005326,1.06187084533786,0.537746639981255,0.698671650724133,1.35354268336969,1.51984246711211
ECA2_0034_10,466,0.743621889051911,1.01806891972204,0.483010469454964,0.643239964680281,1.53955646114881,1.5827202531299
ECA2_0035_01,848,0.760585514663086,0.812262856003062,0.411811839952672,0.626181354957173,1.84692483526092,1.29716870292092
ECA2_0035_02,692,0.755644601316125,1.03132086577629,0.363825388797742,0.551419680281882,2.07694301877378,1.87030115655119
ECA2_0035_03,411,0.7200490639102,0.941531660626007,0.414684210233168,0.598403515901781,1.73637926436922,1.57340596371186
ECA2_0035_04,321,0.653144401440493,0.859041763257965,0.51943233058025,0.700416945072411,1.25741961558472,1.22647198829428
ECA2_0035_05,427,0.710340398293754,0.963376918604315,0.516064459039918,0.689750333450821,1.37645673103563,1.39670380989095
ECA2_0035_07,1011,0.819562976780025,0.871391251297707,0.529840547131093,0.637210279859612,1.54681060409152,1.36750971985212
ECA2_0035_08,885,0.74963996897935,0.932976895065289,0.488845023199432,0.629738904583698,1.53349207499965,1.48152970743018
ECA2_0035_10,391,0.687147276766373,1.00772044305815,0.28657255027333,0.579805878349365,2.39781261712254,1.73803074561266
ECA2_0036_01,533,0.630723898534317,1.1183830324418,0.593760636886213,0.832912183587095,1.06225279911101,1.34273823156875
ECA2_0036_02,615,0.795969102236846,0.760628295565841,0.536631615643661,0.758870524387597,1.48326911615545,1.00231629918643
ECA2_0036_03,844,0.741195316643845,0.78080413261037,0.495376279284493,0.695397857116755,1.49622690394947,1.12281642029748
ECA2_0036_04,1218,0.798395880816865,1.11045958451959,0.48330010683923,0.641915794707127,1.65196711012202,1.72991472351328
ECA2_0036_05,683,0.74541723118379,0.970424819250281,0.453475985787232,0.596768029727653,1.64378545842896,1.62613406032014
ECA2_0036_06,1899,0.831689314987926,1.03125346374637,0.433877920841611,0.563728321239963,1.9168740215558,1.82934478345535
ECA2_0036_07,726,0.706366187575929,0.971543747250992,0.354557368253165,0.621509166238266,1.99224794299455,1.56320099529881
ECA2_0036_08,516,0.765037161908685,0.994691919019654,0.504867372322802,0.650911508508295,1.51532304095804,1.52815230030147
ECA2_0036_09,613,0.747113546110148,1.19144530344128,0.508507802235914,0.657115883159123,1.46922730157744,1.81314336477964
ECA2_0036_10,1006,0.752925054995965,0.869725663835404,0.45437313479023,0.568688009619819,1.65706331943143,1.52935467096772
ECA2_0037_01,473,0.73608719538768,1.03680369128252,0.509906079822233,0.684186478362642,1.44357407082555,1.51538173300902
ECA2_0037_02,462,0.686531997166027,0.909401192740944,0.519607185703542,0.737138907073565,1.32125193041061,1.2336903994815
ECA2_0037_03,237,0.754125513915651,0.8799829216491,0.544725004890077,0.647108457228956,1.38441508494333,1.35986929519876
ECA2_0037_04,475,0.692827481657335,0.933380651298362,0.518549295134371,0.716387724988911,1.33608798268215,1.30289872193554
ECA2_0037_05,242,0.729020274128201,0.817618895494765,0.552290535732531,0.683887387229825,1.31999414612685,1.1955460953983
ECA2_0037_06,407,0.720643828656668,0.875365204271906,0.571864670907329,0.738231112317736,1.26016497489394,1.18576038000299
ECA2_0037_07,617,0.669336363472427,0.980958278269395,0.51350101177076,0.657811190184111,1.30347623106775,1.49124595766582
ECA2_0037_08,533,0.658477930260074,0.949967907466112,0.531691092117881,0.704421733699272,1.23845958681979,1.34857836154111
ECA2_0037_09,291,0.647163475307256,1.00629674949298,0.6139776368199,0.774325271672429,1.05405056552099,1.29957885439994
ECA2_0037_10,258,0.654583529152144,0.853524690362201,0.490068854297356,0.714138263752488,1.33569706259065,1.19518128867273
ECA2_0038_01,730,0.798584594091849,1.0876532991818,0.4482874235656,0.599377644004925,1.7814119962145,1.81463774977377
ECA2_0038_02,752,0.78356040017601,0.966375834899178,0.418841345402911,0.574112407726769,1.87078092642037,1.68325195883781
ECA2_0038_03,484,0.776708911401722,1.05324693790771,0.477788715442694,0.659287257158893,1.62563259930085,1.59755391367115
ECA2_0038_04,782,0.782627077019248,1.06543680450025,0.416601817245841,0.555416294698134,1.87859736712913,1.91826709923826
ECA2_0038_05,694,0.810610000795258,0.936758250836394,0.445162156075261,0.594810448715586,1.82093196767205,1.57488533172072
ECA2_0038_06,643,0.791960695249486,1.01557315309987,0.495410743476851,0.617314172162457,1.5985941073692,1.64514796338193
ECA2_0038_07,686,0.76018120109515,1.0617752349527,0.39640310323058,0.564995755413347,1.91769740171022,1.87926232149463
ECA2_0038_08,925,0.815823735941033,1.0939926921785,0.453945807287859,0.56828804919488,1.7971831060964,1.92506721499495
ECA2_0038_09,485,0.747392277040341,0.973098319532204,0.50172125518393,0.633746271026193,1.48965639649121,1.53546989390015
ECA2_0038_10,494,0.737877802761888,0.983814472428534,0.330471220124576,0.504360071083257,2.23280503059762,1.95061926753145
ECA2_0039_01,286,0.594514158399627,0.931868622024244,0.396146509748853,0.609342728086245,1.50074314368321,1.52930129313425
ECA2_0039_02,679,0.676998285144899,1.27710459745877,0.407189077459798,0.59156679041557,1.66261405970974,2.15885106829884
ECA2_0039_03,305,0.667753140846867,0.825964648558783,0.414687689118291,0.577354378460077,1.61025552088764,1.43060255429568
ECA2_0039_04,352,0.595950528220063,0.934690049891271,0.333381125100556,0.567472918414157,1.78759528764656,1.64710952639525
ECA2_0039_05,442,0.696075158559875,0.896825853476027,0.422438419431322,0.52686022354501,1.64775533318422,1.70220831521818
ECA2_0039_06,525,0.677923994194376,0.924716989146672,0.353860745736135,0.463083054716642,1.91579315412365,1.99687071191258
ECA2_0039_07,330,0.604033563653396,0.918111646701685,0.385648728066355,0.540184700114994,1.56627915430196,1.6996254179473
ECA2_0039_08,471,0.710773119595782,1.10982103910416,0.426551804467113,0.529043559277201,1.66632308702514,2.09778763892417
ECA2_0039_09,528,0.61192985618081,1.08181760848479,0.241641982573665,0.454849431495653,2.53238220305638,2.37840817988387
ECA2_0039_10,539,0.734774660870901,1.09391540388649,0.332463976835171,0.466726121744593,2.21008804582515,2.34380582727511
ECA2_0040_01,505,0.697063904834211,0.900468374720094,0.443892885272468,0.621157245452709,1.57034259381369,1.4496625151073
ECA2_0040_02,452,0.749564214455998,0.897304263687144,0.42870341911758,0.644185191708303,1.74844468467002,1.39292904468605
ECA2_0040_03,567,0.623474087084151,0.9329890078523,0.436664036801255,0.645665301812998,1.42781185199348,1.44500409923301
ECA2_0040_04,682,0.755807693338106,0.905478440634489,0.443918433063652,0.578339610504916,1.70258235983126,1.56565178000512
ECA2_0040_05,716,0.804333005280436,1.04803597931945,0.344299167503326,0.568657811229359,2.33614565818741,1.84299935501412
ECA2_0040_06,536,0.761983960123932,0.933007862109041,0.412393465333548,0.590973220070743,1.84771104340277,1.57876504454357
ECA2_0040_07,643,0.705753014613884,0.93092548728592,0.377956822707071,0.538177624755884,1.86728475903414,1.72977367408797
ECA2_0040_08,526,0.704191522792325,0.982260403025338,0.406556829083868,0.56796063692591,1.73208632205034,1.72945154851193
ECA2_0040_09,580,0.741521439771375,0.961988482600988,0.411307825632418,0.571970461270635,1.80283815079674,1.68188490095087
ECA2_0040_10,815,0.744494764591805,0.954908892717694,0.484289513645376,0.665703003346994,1.53729276314037,1.43443681028423
ECA2_0041_01,1313,0.756961799385019,0.9643911066027,0.445058948986057,0.627794905092833,1.70081244542896,1.53615631280106
ECA2_0041_02,1107,0.742045688974177,0.962360166425375,0.467014338862087,0.678765519987989,1.58891414508219,1.41780944683579
ECA2_0041_03,963,0.719545351275175,0.958187071419402,0.524306439541728,0.714848612085261,1.37237557468128,1.34040558409186
ECA2_0041_04,1190,0.735682610303815,0.975954647831326,0.497324261477965,0.709759222884595,1.479281561928,1.37505032180471
ECA2_0041_05,989,0.744541037896858,0.967637521978307,0.463848089621928,0.687362141044217,1.60513981744264,1.40775504526378
ECA2_0041_06,1290,0.767856955175539,0.91683824666346,0.377682649971341,0.597916157524427,2.03307447465168,1.53338931407955
ECA2_0041_07,957,0.77105939528222,0.800022464641695,0.446463413084282,0.679784808996499,1.72703825819802,1.17687605556042
ECA2_0041_08,1396,0.773386209430327,0.752148485303704,0.463991648501013,0.605141835437923,1.66681062456373,1.2429292460988
ECA2_0041_09,1552,0.790877605539556,0.870629732831938,0.397395218503585,0.593340431786155,1.99015380335388,1.46733592755688
ECA2_0041_10,1524,0.786621261920763,0.891455598144082,0.271825970791625,0.487462385117188,2.89384145168295,1.82876797340942
ECA2_0042_01,927,0.732336599826349,1.1579681358574,0.494039764038541,0.682852580070771,1.482343432925,1.69578056765545
ECA2_0042_02,1000,0.770871280859475,1.03063199373127,0.394300197937446,0.601744530143641,1.95503650490627,1.71274011163051
ECA2_0042_03,810,0.751600776659468,0.97495173194281,0.417899091854989,0.615228384069948,1.7985221583594,1.58469888124011
ECA2_0042_04,1248,0.822750143550331,1.0172088993106,0.449250594098022,0.606386099646331,1.83138354040955,1.6774937616543
ECA2_0042_05,669,0.697313753599749,1.03485820669332,0.515823162119863,0.703069480223701,1.35184653347868,1.47191456293061
ECA2_0042_06,660,0.678240950583825,1.0444449874644,0.467263200181019,0.680728584086256,1.45151801023721,1.53430458464788
ECA2_0042_07,1411,0.801960707836271,0.988283310186103,0.451616048848002,0.675998593492394,1.77575777008355,1.46196060124972
ECA2_0042_08,706,0.737349214706374,0.984949082468083,0.26459673185881,0.493157301635473,2.78669055935213,1.99723106441224
ECA2_0042_09,1261,0.855499617876359,0.840106427514221,0.406506611631827,0.534945260366189,2.1045158759956,1.57045307203795
ECA2_0042_10,925,0.787308198751958,0.986998354238831,0.415099380600949,0.597181048457141,1.89667399072519,1.65276235203513
ECA2_0043_01,594,0.760066041586616,1.1775898293433,0.487260062489548,0.685091358055988,1.55987756867088,1.71887999388114
ECA2_0043_02,561,0.739647552873871,1.12843696572341,0.495082889866243,0.727217901964716,1.49398730599173,1.55171780380368
ECA2_0043_03,750,0.805032683547066,1.08133666502262,0.463831907406685,0.658296574679192,1.73561298973168,1.64262842404974
ECA2_0043_04,684,0.769160370504889,0.909745206555596,0.537024083153625,0.683334977825818,1.43226420310252,1.3313312446703
ECA2_0043_05,631,0.763801558553579,0.831929488708031,0.513399598876931,0.632769648557236,1.48773306450649,1.31474303580283
ECA2_0043_06,705,0.767199086316632,0.878372555806744,0.503429199609422,0.640520895921357,1.52394634024378,1.37134098418952
ECA2_0043_07,843,0.758375034989356,0.808587894449207,0.575338294239539,0.705908502922622,1.31813759414667,1.14545708275431
ECA2_0043_08,474,0.817853446411705,0.980528857781162,0.538285290079638,0.725387380966446,1.51936800333278,1.35173134177601
ECA2_0043_09,532,0.776117881920403,1.03899050183836,0.533012212773254,0.717459755834471,1.45609774658309,1.4481516118349
ECA2_0043_10,492,0.790662577269479,1.0199759602409,0.536358071620769,0.683956346441377,1.47413196352252,1.4912880998149
ECA2_0044_01,200,0.687597977444838,0.934936317967764,0.620537231936267,0.750330806777343,1.10806885075908,1.24603216277804
ECA2_0044_02,394,0.683967830148061,1.01060028358005,0.581906446485707,0.721831497452612,1.17539139543604,1.40005013240143
ECA2_0044_03,693,0.741302016300966,1.00750425090913,0.47326789887151,0.650421508369785,1.5663475550921,1.54900205166083
ECA2_0044_04,762,0.798888968066928,1.23322035277914,0.449171449905968,0.607076643949292,1.77858358592064,2.03140800271366
ECA2_0044_05,692,0.690727617716271,1.0209444555072,0.422852305682579,0.60104928092326,1.63349616032312,1.69860357197158
ECA2_0044_06,570,0.724703670154364,1.21503764965404,0.541977652407991,0.736071848579609,1.33714677521209,1.65070522938581
ECA2_0044_07,1011,0.779106850489233,1.00876252583832,0.463008918551983,0.650956651645719,1.68270376502858,1.54966159926012
ECA2_0044_08,246,0.709746145570564,1.15096382068587,0.501594244053478,0.694895225657499,1.41498064219193,1.65631274786331
ECA2_0044_09,963,0.728796876136595,1.08324113710778,0.50725924261248,0.677120537784268,1.4367345430379,1.59977592859974
ECA2_0044_10,393,0.672312634552278,0.999161403661627,0.600943626428347,0.789190041829355,1.11876156928081,1.26605931487117
ECA2_0045_01,911,0.77388410463792,1.30214290883583,0.262997193786911,0.478351616066749,2.94255650980423,2.72214593846826
ECA2_0045_02,956,0.770259493909169,1.0629368815214,0.422343647528331,0.67529858780494,1.82377430894708,1.57402503235862
ECA2_0045_03,722,0.771976945441817,1.14598837322779,0.412495048517847,0.638425667915473,1.87148172618226,1.79502239778291
ECA2_0045_04,942,0.798108184674707,1.02533005339443,0.440307127612322,0.68970822817933,1.81261699987155,1.48661421091215
ECA2_0045_05,863,0.776746068207769,0.951101264077641,0.436422135906545,0.635105753500335,1.77980446980375,1.49754786322706
ECA2_0045_06,992,0.804924894749827,1.03651266256487,0.46683568514119,0.682851753606424,1.72421457992524,1.51791755251505
ECA2_0045_07,957,0.810017961338868,1.05768025088937,0.440216625799397,0.671261822744573,1.84004400076427,1.57565977246383
ECA2_0045_08,412,0.779427509015249,1.14088665186737,0.437417135042348,0.714437331278859,1.78188609127027,1.59690234806901
ECA2_0045_09,1067,0.767097721178586,0.99255715810131,0.45532569076746,0.678337888686966,1.68472312617728,1.46321939943907
ECA2_0045_10,1202,0.786873475132194,1.14967159385838,0.388835384521644,0.663792912632607,2.02366735758945,1.73197328862518
ECA2_0047_01,309,0.808412050452077,0.739903688234632,0.591422551651914,0.59983097266279,1.36689419129197,1.23352031148046
ECA2_0047_02,1207,0.794315897685247,0.93471719802252,0.39815459229895,0.563092205687586,1.99499368599231,1.65997182802619
ECA2_0047_03,1084,0.750667270128851,0.984978466514493,0.374498531651677,0.569674222488332,2.00445984879602,1.7290206009535
ECA2_0047_04,1358,0.828491574718335,0.970839349301625,0.408427056944189,0.57016321350533,2.028493364071,1.70273936708923
ECA2_0047_05,1062,0.739392922850517,1.13105567684051,0.38655987407235,0.630738678932298,1.91275135481892,1.79322390495401
ECA2_0047_06,1682,0.806292273793287,1.03917733016161,0.398474109034224,0.555221042086676,2.02344959311782,1.87164615781868
ECA2_0047_07,1621,0.830488739160122,1.08959506948494,0.370846769258411,0.543045713361044,2.23943905678581,2.00645183762002
ECA2_0047_08,1153,0.792830780938212,0.967826096681056,0.456173215047238,0.59521624725597,1.73800379940351,1.62600752439617
ECA2_0047_09,1257,0.795977114733715,0.938204128253392,0.35686039803247,0.549069439597456,2.23049999137559,1.7087167133928
ECA2_0047_10,1690,0.816605486370348,1.04250046709089,0.318349963416192,0.499484932414786,2.56511883214124,2.08715098181414
ECA2_0048_01,1942,0.781164407435972,1.10406655696914,0.34040625405976,0.626068835118937,2.29480039840524,1.76349068191423
ECA2_0048_02,1672,0.764118876197607,1.06559794780344,0.415930499451322,0.662262620134082,1.8371311486068,1.60902626149683
ECA2_0048_03,1843,0.766719627736173,1.00286221569619,0.439849090678378,0.678927623177641,1.74314246405208,1.4771268415953
ECA2_0048_04,1733,0.779193292146194,1.05556155818179,0.359844803763173,0.607015885336015,2.16535929933564,1.73893564185307
ECA2_0048_05,1137,0.791139418124528,1.10322624110904,0.475151482013884,0.693191474649568,1.66502567722479,1.59151732451233
ECA2_0048_06,1643,0.789860285058175,1.06652663295107,0.391775249536789,0.672644343823173,2.01610562686657,1.58557288520283
ECA2_0048_07,2087,0.802091844113708,1.05828303766467,0.428510698222091,0.669917389580872,1.87181287991553,1.57972170020363
ECA2_0048_08,1862,0.779950393118802,1.0289704795552,0.421400792085038,0.65994093288128,1.85085174913817,1.55918572145957
ECA2_0048_09,987,0.764279010867046,1.11955335414525,0.458586066785284,0.701449071697554,1.66659884855353,1.59605793109948
ECA2_0048_10,1542,0.78603766882463,1.0593673111519,0.39858463650915,0.654771040176514,1.97207216943643,1.61792022882734
ECA2_0049_01,1017,0.607899405925697,1.09919272335233,0.484257831403686,0.711348162394026,1.2553217862551,1.54522466137119
ECA2_0049_02,1017,0.70288373425935,0.937227441161411,0.426090504619522,0.573623022578403,1.64961135401736,1.63387347486268
ECA2_0049_03,1220,0.696998679281924,0.973045622172739,0.391563869834502,0.555355023963613,1.78003828488189,1.75211455768966
ECA2_0049_04,1046,0.68078270829865,0.983531646738345,0.428867609121723,0.602871663818899,1.58739595581215,1.63141130320863
ECA2_0049_05,1177,0.717852064279616,1.03015358554615,0.445174992187212,0.595523352782497,1.6125165988159,1.7298290331234
ECA2_0049_06,1024,0.656770666254201,1.11166007235648,0.478373994578113,0.674804907702338,1.37292301357941,1.64737994591889
ECA2_0049_07,1297,0.75203941542375,1.16782948869404,0.472539434658478,0.643528521706971,1.59148498572881,1.81472840643698
ECA2_0049_08,1245,0.718144325600099,1.12151733586541,0.443529980742385,0.622931303979288,1.61915621667347,1.80038686240546
ECA2_0049_09,1103,0.670375111001944,1.04259656681479,0.482750465205894,0.640961672272667,1.38865761779438,1.62661296597976
ECA2_0049_10,970,0.698710810995978,0.927390654798867,0.483333434151346,0.584868273837194,1.44560827293647,1.58564021384586
ECA2_0050_01,758,0.739570757621002,0.939495074871143,0.538469267573232,0.717508314111046,1.37346883500723,1.30938562856254
ECA2_0050_02,647,0.727051245264489,1.05327227414722,0.501979679115118,0.697943246999481,1.4483678832301,1.50910876876498
ECA2_0050_03,680,0.761967288037228,0.964437638905815,0.459382877846562,0.65321479517504,1.65867585576782,1.47644794029409
ECA2_0050_04,281,0.695044462822019,0.933979822982006,0.503018084620768,0.691669660138523,1.3817484581017,1.35032643009808
ECA2_0050_05,850,0.746109841360784,0.968454143856032,0.554418040622755,0.698111462860001,1.34575318025855,1.38724859192041
ECA2_0050_06,472,0.66874430904672,0.777357295180806,0.440691895228412,0.627083315355567,1.51748719749,1.23963957602672
ECA2_0050_07,786,0.735014039570128,0.978545135525659,0.519498686187277,0.679267016432238,1.41485254749068,1.44058980026049
ECA2_0050_08,563,0.717088874629948,0.959388179709357,0.485628461096847,0.651787293722446,1.4766203632512,1.47193446228471
ECA2_0050_09,538,0.703659844471144,0.863446850320681,0.476844764236768,0.642525971410928,1.47565811191702,1.34383182741179
ECA2_0050_10,704,0.772659654032836,0.911515945072483,0.344718898578243,0.489967800695922,2.24141947894238,1.86035887210918
ECA2_0051_01,507,0.714127220773413,1.02921900931383,0.517617270443184,0.681030843925394,1.37964334181117,1.51126636699964
ECA2_0051_02,607,0.756591642259309,0.925365619421104,0.494242539645142,0.718882860332346,1.53081044541923,1.28722726675289
ECA2_0051_03,508,0.715742182619728,1.03780656628684,0.605246148875682,0.747458150771268,1.18256379482844,1.38844772140885
ECA2_0051_04,615,0.727094628749763,0.953985064470445,0.531587566648565,0.66764395364221,1.36777959901092,1.42888295365539
ECA2_0051_05,520,0.720090803698698,0.833098338868512,0.601782028245435,0.713941026044847,1.19659738892204,1.16690077818301
ECA2_0051_06,311,0.739123336651068,0.894115479857665,0.513477349405322,0.6087843385549,1.43944681787244,1.46869001587667
ECA2_0051_07,481,0.76932572223869,0.832070465521139,0.506733098879846,0.652092187577789,1.51820696919012,1.27600127922385
ECA2_0051_08,436,0.760420120028877,0.81899195346555,0.450487550349013,0.585025768592957,1.68799364031202,1.39992458013483
ECA2_0051_09,308,0.742349784829555,0.862449435706446,0.517001885331783,0.695054608046408,1.43587442500941,1.2408369439209
ECA2_0051_10,222,0.74990294817674,0.894304037809573,0.579502970399266,0.699638738831799,1.29404504632663,1.27823687879664
ECA2_0052_01,345,0.712530461997175,0.852678797696918,0.493443613604048,0.67872103289112,1.44399571167401,1.25630230444576
ECA2_0052_05,323,0.735454533235452,0.878146371897719,0.608923933254398,0.720797800338977,1.20779377040546,1.21829779653149
ECA2_0052_10,498,0.733326166652422,0.938697520949022,0.434133947408402,0.601176558834327,1.68917029186515,1.56143400329704
ECA2_0053_01,508,0.699604014709166,1.04473926593046,0.57822502286401,0.76436837123902,1.20991653257058,1.36680075372162
ECA2_0053_02,660,0.697729112221116,0.987415706192161,0.523257731669652,0.711337111451359,1.3334329719214,1.38811217676737
ECA2_0053_03,615,0.716546205923578,0.966888280769645,0.510411491310062,0.666538150033621,1.40385986233271,1.45061206282172
ECA2_0053_04,446,0.645782946770049,1.1219183758184,0.585242357016246,0.801308015156406,1.10344533171259,1.40010876541577
ECA2_0053_05,599,0.738042683149485,1.03359196610979,0.532067848854511,0.723398849411097,1.38712136946146,1.42879957156583
ECA2_0053_06,574,0.746790059297106,0.906770443578855,0.400870767411688,0.63110638119304,1.86291972377762,1.43679492174473
ECA2_0053_07,464,0.65747440732334,0.954831349319141,0.649350513128391,0.759787646934417,1.01251079968477,1.25670817783322
ECA2_0053_08,454,0.668170722182504,1.03577223313536,0.660768871945072,0.78612113229212,1.01120187489408,1.3175733237387
ECA2_0053_09,537,0.683844456252165,1.05736012877547,0.635033507529364,0.762671399308765,1.07686357986479,1.38639016715953
ECA2_0053_10,440,0.652890713912508,0.964131982045333,0.607212355162198,0.72983671312291,1.07522633286687,1.32102423009099
ECA2_0054_04,1182,0.756817693554018,0.73226243356722,0.639290111865071,0.739817629999268,1.18384076260162,0.989787758326257
ECA2_0054_05,461,0.750238045961081,1.02187988715631,0.629408103764501,0.791172512228298,1.19197392196556,1.29160185845971
ECA2_0054_06,1201,0.728025747094476,0.793900631331022,0.592786570702087,0.748078253740445,1.22814143078885,1.06125345491793
ECA2_0054_09,635,0.587776777388644,0.596605589056275,0.473697503289442,0.63769747436608,1.24082726488321,0.935562101213191
ECA2_0054_10,842,0.720314924088321,0.629970477893586,0.631170787156229,0.806321598772837,1.14123615786107,0.78128935012079
ECA2_0055_01,1398,0.734935688046852,0.929404208066657,0.426083932660599,0.620587793880255,1.72486130480839,1.49761922040959
ECA2_0055_02,1729,0.728980605513231,0.98242004386012,0.44118161197828,0.570516395842027,1.65233678313211,1.72198389217222
ECA2_0055_03,1562,0.772920082342231,0.947548722696222,0.398226762418362,0.636694558050542,1.94090441749425,1.48823122597037
ECA2_0055_04,1576,0.754647993980247,0.942460134289572,0.445948518222509,0.529992693661953,1.6922311951796,1.7782511826299
ECA2_0055_05,1321,0.773334263042497,1.14899325812898,0.454622362565617,0.578351061623161,1.70104756545248,1.98667095881919
ECA2_0055_06,760,0.694839875637947,0.779354544382638,0.525820813681324,0.649784603311622,1.32143851585734,1.19940444942934
ECA2_0055_07,803,0.694863001595922,0.971489750609976,0.615880528969634,0.694844101778588,1.12824317202953,1.3981406017886
ECA2_0055_08,958,0.660271838570526,0.789653418004756,0.599188949027499,0.739192868236825,1.10194261700281,1.06826438935794
ECA2_0055_09,1598,0.768269660269662,0.915977800640326,0.436209902606548,0.647304760036149,1.76123846725833,1.41506421270434
ECA2_0055_10,1668,0.790528620237096,1.11388596880996,0.523863651923554,0.621114607172059,1.50903506539227,1.79336624183014
ECA2_0056_01,295,0.714834158457039,0.929027015504458,0.539336219117625,0.701304818986151,1.32539616869517,1.32471215134029
ECA2_0056_02,313,0.678858455263695,0.919884506669539,0.638892411538989,0.801069021487979,1.0625552017881,1.14832115834521
ECA2_0056_03,259,0.651524110214858,0.870976871272308,0.40856985202515,0.628286526885594,1.59464558382235,1.38627335459464
ECA2_0056_04,306,0.675443660118054,0.926377233746491,0.415375550212427,0.657838578879761,1.62610355802749,1.40821360055232
ECA2_0056_05,145,0.688537303750535,0.855051257501234,0.582060089335794,0.79336610411743,1.18293165321856,1.07775118329819
ECA2_0056_06,439,0.72608185464804,0.96528311991485,0.498909011753372,0.700430808386629,1.45533922527534,1.37812772990138
ECA2_0056_07,250,0.689570237427712,0.897392014957648,0.548500731978335,0.739832411529363,1.25719109788708,1.21296661375322
ECA2_0056_08,210,0.698134830137908,0.90156552449289,0.594415936882235,0.793088410750215,1.17448874907306,1.13677808460227
ECA2_0056_09,223,0.675443196691039,0.924358805859733,0.632525311598262,0.78100955574971,1.0678516484729,1.18354352908322
ECA2_0056_10,215,0.680201483852733,0.944940652460515,0.343246881783037,0.641993156582836,1.98166835578912,1.47188586478116
ECA2_0058_03,1030,0.697288180654064,1.32383457295017,0.404641235648566,0.612224241386174,1.72322571014404,2.16233609102573
ECA2_0058_04,523,0.658020731774261,1.08439439176627,0.548061540798588,0.659774056800518,1.2006329267612,1.64358446742342
ECA2_0058_05,1134,0.746024303888785,1.23823982474503,0.513362363432646,0.639264790658737,1.4532119162387,1.93697485429954
ECA2_0058_06,1263,0.724849376801969,1.18150639214138,0.469159980318143,0.594424513052346,1.54499404725535,1.98764749130952
ECA2_0058_07,981,0.751711339512004,1.31224250656969,0.487658005523084,0.613184828699529,1.54147236587593,2.14004398861719
ECA2_0058_08,633,0.710677494532937,1.23913113631011,0.539891132732629,0.629631809051705,1.31633481538377,1.96802499253711
ECA2_0058_09,838,0.734090513621492,1.12029032182757,0.54880327442279,0.610645892258352,1.33762050598838,1.83459896485081
ECA2_0058_10,1312,0.783850338083221,1.23586670026209,0.466071289309127,0.645969614609736,1.68182498270844,1.91319633665547
ECA2_0061_01,633,0.809450654136302,0.983052404960605,0.449213898397237,0.628390010590088,1.80192700409396,1.56439852383629
ECA2_0061_02,603,0.716202011881251,0.945852974995981,0.439858336665381,0.670466893962227,1.62825608197145,1.41073777618805
ECA2_0061_03,1017,0.802998109367813,0.98814632196642,0.548292596891931,0.78198500347229,1.4645430449357,1.26363845544186
ECA2_0061_04,786,0.738168989223106,1.06378669762142,0.469615639828402,0.6662247115067,1.5718577632824,1.59673857671177
ECA2_0061_05,669,0.701452906606766,1.05880509536821,0.474098384001876,0.67078280070974,1.47955135532373,1.57846190189718
ECA2_0061_06,607,0.716841493366976,1.08005333693638,0.504411699341154,0.685787826635049,1.42114366955265,1.57490887850237
ECA2_0061_07,602,0.723999001505123,0.97362645449927,0.518133738426951,0.69500048285885,1.39732070662524,1.40090040008937
ECA2_0061_08,691,0.736730651705408,1.06076705145266,0.518875802878144,0.700820717217108,1.41985933361866,1.51360686890773
ECA2_0061_09,642,0.692165981260911,1.16810658892849,0.47684293058025,0.733836044484798,1.45155970000152,1.59178143088976
ECA2_0061_10,517,0.665783135793869,1.1244199282316,0.479908190368493,0.723538943093618,1.38731355112455,1.55405585140165
ECA2_0001_01,1066,0.643958647242,0.911061095530033,0.258797922756764,0.51239810950226,2.4882682224897,1.77803367856886
ECA2_0001_02,825,0.655427278120147,0.877267967787811,0.340502144591169,0.481578144068513,1.92488443474299,1.82165237063376
ECA2_0001_03,629,0.627182399722615,0.894402131522772,0.333233880489235,0.488627425294881,1.88210874236984,1.83043784532358
ECA2_0001_04,896,0.630415398290657,0.921399347776819,0.33730212201264,0.456364464502615,1.86899327679603,2.01899889111883
ECA2_0001_05,981,0.648523448151318,0.925668813632001,0.318280481499291,0.51535692088356,2.03758472745921,1.79617033578394
ECA2_0001_06,1399,0.759933439614599,1.08677599466211,0.395334354496089,0.554722666399603,1.92225500003217,1.95913392491381
ECA2_0001_07,994,0.664480908822829,0.926295712045387,0.389544677104777,0.544522109080345,1.70578870121257,1.70111680792875
ECA2_0001_08,932,0.665244236963151,0.989193513466026,0.385026701830488,0.509358612289824,1.72778727761077,1.94203747536358
ECA2_0001_09,887,0.619602704161687,0.908890266540277,0.399969009462648,0.565126702228794,1.54912678108265,1.60829467614204
